world_cup_year,train_rows,test_rows,rmse,mae,exact_score_accuracy,exact_score_accuracy_%
2006,1217,64,0.9345031505439335,0.7602465491244836,0.234375,23.44
2010,3122,64,0.9629023345325529,0.7580806437439642,0.171875,17.19
2014,5088,64,1.0525067679837072,0.7782233912915468,0.09375,9.38
2018,6894,64,0.9040467592830177,0.7062745421554871,0.203125,20.31
2022,8691,64,0.9680338752186104,0.7361525786145215,0.3125,31.25
