world_cup_year,train_rows,test_rows,rmse,mae,exact_score_accuracy,exact_score_accuracy_%
2006,1217,64,0.9398732007645341,0.7580928004560481,0.21875,21.88
2010,3122,64,0.9610827620318028,0.7618228881812175,0.171875,17.19
2014,5088,64,1.0520360060547391,0.7758027581567821,0.09375,9.38
2018,6894,64,0.9040662802269828,0.7103621440472528,0.1875,18.75
2022,8691,64,0.9567042994006569,0.7256927561359537,0.296875,29.69
