world_cup_year,train_rows,test_rows,num_features,rmse,mae,exact_score_accuracy,exact_score_accuracy_%
2006,1217,64,24,0.9321291988908403,0.75174194169168,0.234375,23.44
2010,3122,64,24,0.9548002347572907,0.755993571742785,0.1875,18.75
2014,5088,64,24,1.0529646427720976,0.7799583691575229,0.078125,7.81
2018,6894,64,24,0.9075818354337725,0.7077639239487938,0.15625,15.62
2022,8691,64,24,0.973027185602933,0.7388117994505989,0.328125,32.81
