world_cup_year,train_rows,test_rows,num_features,rmse,mae,exact_score_accuracy_%,direction_accuracy_%
2006,1217,64,21,0.9405417626027067,0.760425383061442,15.62,82.81
2010,3122,64,21,0.9645636368998015,0.7651977296307214,20.31,85.94
2014,5088,64,21,1.0623793490490936,0.7865750006206621,7.81,79.69
2018,6894,64,21,0.9219309963673069,0.7180454110494366,18.75,82.81
2022,8691,64,21,0.968598217938033,0.7409846548621042,32.81,85.94
