match_id,team_a,team_b,pred_goals_a,pred_goals_b,actual_a,actual_b,pred_la,pred_lb
1,Mexico,South Africa,2,0,2,0,2.362561335871847,0.3472717601782393
2,Korea Republic,Czechia,0,0,2,1,0.7632252765034193,0.7741158275223085
3,Canada,Bosnia and Herzegovina,2,0,1,1,2.4328919872940666,0.4363768558062332
4,USA,Paraguay,0,0,4,1,0.7760122897276516,1.2278363188650165
8,Qatar,Switzerland,0,2,1,1,0.34639539961962795,2.784145342404691
7,Brazil,Morocco,2,0,1,1,2.466063024099936,0.462263442849688
5,Haiti,Scotland,0,2,0,1,0.519008828952079,2.3779753839393205
6,Australia,Türkiye,0,1,2,0,0.5232926317879424,1.6533154237043721
10,Germany,Curaçao,3,0,7,1,3.4316298992261647,0.29565231673644005
11,Netherlands,Japan,1,0,2,2,1.7440827318550254,0.6705239064577935
9,Côte d'Ivoire,Ecuador,0,2,1,0,0.5376416087154267,2.503456998858615
12,Sweden,Tunisia,0,0,5,1,1.5225330875270975,0.6438200526763016
14,Spain,Cabo Verde,2,0,0,0,2.850798307790669,0.3876902421080943
16,Belgium,Egypt,2,1,1,1,2.869118441938854,0.5985287240584304
13,Saudi Arabia,Uruguay,0,2,1,1,0.3581145325214883,2.3549409623774027
15,IR Iran,New Zealand,2,1,2,2,2.047569779254917,0.5174650523656397
17,France,Senegal,2,0,3,1,2.103924129833598,0.424143693008152
18,Iraq,Norway,0,2,1,4,0.4383174508119685,2.6586249198609173
19,Argentina,Algeria,2,0,3,0,2.8422306102641515,0.4890603711396967
20,Austria,Jordan,2,1,3,1,2.128982106406699,0.5237167341349638
23,Portugal,Congo DR,2,0,1,1,2.7763985364380357,0.45070117086193967
22,England,Croatia,1,1,4,2,1.5239046058159291,0.6821567469405867
21,Ghana,Panama,0,1,1,0,0.6467912072877096,1.780410003738894
24,Uzbekistan,Colombia,0,2,1,3,0.4445240022568048,2.5338215913210376
25,Czechia,South Africa,2,1,1,1,2.0113860804966888,0.6247885073301795
26,Switzerland,Bosnia and Herzegovina,2,1,4,1,2.1833379053106534,0.5520467551086395
27,Canada,Qatar,2,0,6,0,2.1163997794939817,0.4227466528997231
28,Mexico,Korea Republic,0,0,1,0,1.2580413973399225,0.671839640753697
32,USA,Australia,1,1,2,0,1.2188996936455805,0.8258465958019372
30,Scotland,Morocco,0,0,0,1,0.8680896132675826,0.7902721254267849
29,Brazil,Haiti,3,0,3,0,3.4558296840447595,0.3402535900763733
31,Türkiye,Paraguay,0,0,0,1,0.8852563309384514,0.8633517788802647
